status[2],comments,hour[3],photo[4],age[5],shares,videos[6],link[7],string_length[8],newlines[9],likes
0,6,17,1,1380802839,2,0,0,137,0,46
0,11,23,1,1380130560,12,0,0,25,0,102
1,8,2,0,1379968488,0,0,0,755,4,56
0,6,19,1,1379944117,16,0,0,16,0,65
0,6,16,1,1379845823,1,0,0,33,0,45
1,10,21,0,1379608042,18,0,0,1097,6,91
1,6,20,0,1379604324,2,0,0,231,0,42
1,5,23,0,1379527963,0,0,0,35,0,103
0,2,17,1,1379333783,19,0,0,34,0,143
0,1,0,1,1379273108,4,0,0,28,0,113
1,6,4,0,1379114843,1,0,0,682,2,83
0,0,21,1,1379086646,0,0,0,43,0,80
0,5,22,1,1378920334,17,0,0,42,0,114
1,8,16,0,1378897828,1,0,0,79,0,37
0,1,18,1,1378731446,14,0,0,34,0,93
0,4,19,1,1378477484,3,0,0,36,0,103
0,7,5,1,1378426538,15,0,0,157,0,80
0,5,17,1,1378294744,11,0,0,28,0,69
1,7,16,0,1378290721,0,0,0,103,4,67
0,3,18,1,1378213244,3,0,0,28,0,86
1,4,17,0,1378209135,2,0,0,100,4,80
0,11,20,1,1378046169,20,0,0,15,0,200
0,7,19,1,1377870706,2,0,0,54,2,147
1,3,3,0,1377728258,0,0,0,79,0,39
0,6,1,1,1377719470,1,0,0,64,0,103
0,2,18,1,1377608783,17,0,0,9,0,179
0,3,10,1,1377494568,1,0,0,14,0,106
1,3,5,0,1377474882,2,0,0,401,6,35
1,5,19,0,1377438543,0,0,0,120,0,100
1,10,5,0,1377389768,0,0,0,108,2,103
0,4,21,1,1377359702,13,0,0,16,0,198
1,2,20,0,1377355660,0,0,0,105,0,91
0,5,22,1,1377190398,13,0,0,38,0,144
1,3,17,0,1377172603,0,0,0,64,2,44
1,5,6,0,1377134060,0,0,0,148,0,60
0,0,23,1,1377106945,1,0,0,79,0,149
1,3,18,0,1377004280,1,0,0,115,6,83
1,0,17,0,1377001171,0,0,0,144,2,67
0,1,19,1,1376920139,1,0,0,18,0,159
0,5,6,1,1376786668,36,0,0,39,0,264
0,1,6,1,1376701149,1,0,0,27,0,126
1,1,17,0,1376654672,0,0,0,136,2,55
1,9,16,0,1376652309,0,0,0,101,0,139
1,4,1,0,1376597974,0,0,0,113,2,63
1,2,21,0,1376581615,0,0,0,70,2,66
0,3,20,1,1376579719,16,0,0,46,0,266
1,2,20,0,1376494140,0,0,0,120,0,72
0,4,20,0,1376491052,0,0,1,187,6,8
0,3,18,1,1376399921,11,0,0,5,0,150
0,6,18,1,1376312996,2,0,0,24,0,130
0,5,18,1,1376140325,2,0,0,31,0,168
0,14,20,1,1375972443,1,0,0,367,2,71
0,4,15,1,1375783726,2,0,0,59,0,157
0,4,13,1,1375604967,62,0,0,93,0,431
0,2,23,1,1375464672,5,0,0,15,0,199
0,9,3,1,1375308229,4,0,0,11,0,136
0,3,14,1,1375089764,4,0,0,26,0,155
0,7,17,1,1375011821,7,0,0,28,0,161
0,1,19,1,1374848798,2,0,0,46,0,127
0,5,18,1,1374755795,4,0,0,116,2,116
0,3,19,1,1374673816,2,0,0,52,2,134
0,2,19,1,1374587017,2,0,0,22,0,140
0,3,15,1,1374486044,3,0,0,82,2,340
0,8,19,1,1374328607,42,0,0,20,0,1298
0,6,19,1,1374242810,1,0,0,17,0,363
0,5,19,1,1374070099,12,0,0,31,0,741
0,1,17,1,1373975704,2,0,0,54,0,174
0,1,19,1,1373897759,34,0,0,55,0,928
0,7,3,1,1373753676,54,0,0,19,0,409
0,14,17,1,1373630776,21,0,0,15,0,890
0,11,1,1,1373486422,20,0,0,8,0,1465
0,5,19,1,1373466343,6,0,0,43,0,117
0,4,19,1,1373379937,11,0,0,13,0,432
0,1,14,1,1373275248,17,0,0,17,0,270
0,3,20,1,1373123692,13,0,0,14,0,307
0,12,16,1,1372935626,79,0,0,34,2,711
0,9,20,1,1372861868,37,0,0,29,0,716
0,5,19,1,1372774717,8,0,0,29,0,249
0,3,1,1,1372707269,19,0,0,11,0,489
0,4,7,1,1372645147,77,0,0,18,0,691
0,3,15,1,1372414488,5,0,0,64,0,98
0,6,15,1,1372241529,5,0,0,193,2,414
0,5,13,1,1372062487,4,0,0,36,0,273
0,24,2,1,1371849617,15,0,0,38,0,566
0,2,18,1,1371733737,42,0,0,14,0,359
0,12,15,1,1371464427,17,0,0,11,0,444
0,6,20,1,1371307934,20,0,0,90,2,642
0,4,19,1,1371219366,5,0,0,11,0,363
0,3,2,1,1370984921,3,0,0,27,0,297
0,2,22,1,1370883694,14,0,0,2038,13,606
0,19,4,1,1370818873,19,0,0,46,2,399
0,8,22,1,1370622962,23,0,0,21,0,730
0,18,3,1,1370555316,40,0,0,18,0,757
0,3,2,1,1370380177,11,0,0,179,5,87
0,18,22,1,1370279991,22,0,0,82,0,1767
0,11,17,1,1370174001,4,0,0,88,2,133
0,2,19,1,1370009800,11,0,0,78,2,121
1,3,21,0,1369930102,0,0,0,127,2,106
0,23,4,1,1369783058,24,0,0,19,0,1580
1,14,21,0,1369582835,1,0,0,99,2,101
1,7,19,0,1369490580,1,0,0,85,2,100
1,8,3,0,1369085884,12,0,0,700,14,73
0,1,17,1,1368791012,0,0,0,156,4,52
0,5,15,1,1368785163,2,0,0,234,7,59
0,6,16,1,1368700692,2,0,0,203,4,55
1,1,18,0,1368622015,0,0,0,102,2,28
0,1,17,0,1368619922,6,1,1,141,6,40
0,58,15,1,1368610327,52,0,0,288,10,2018
1,4,15,0,1368524145,2,0,0,97,0,290
1,7,15,0,1368439986,3,0,0,69,0,280
0,8,14,1,1368437192,0,0,0,106,2,39
0,10,21,1,1368289183,34,0,0,70,2,265
1,7,20,0,1368285085,1,0,0,81,0,94
1,9,19,0,1368282014,0,0,0,114,2,42
1,3,19,0,1368280937,0,0,0,85,0,61
1,7,19,0,1368280682,0,0,0,76,0,83
1,5,19,0,1368279785,0,0,0,63,0,63
0,3,18,1,1368189920,12,0,0,21,0,147
0,1,16,1,1368184062,2,0,0,40,0,94
0,1,17,1,1368101496,1,0,0,51,0,76
0,26,18,1,1367933243,52,0,0,287,7,2170
0,0,17,1,1367927142,6,0,0,231,2,57
0,4,21,1,1367854771,5,0,0,28,0,79
0,0,19,1,1367674218,0,0,0,43,0,70
0,0,17,1,1367667612,2,0,0,39,0,83
0,2,20,1,1367505362,0,0,0,48,0,64
0,0,19,1,1367415574,3,0,0,25,0,59
0,12,17,1,1367323349,4,0,0,40,0,875
0,1,15,1,1367315124,2,0,0,23,0,166
0,20,12,1,1366874736,27,0,0,26,0,1173
0,11,16,1,1366802303,14,0,0,45,0,330
0,11,2,1,1366664302,4,0,0,71,2,306
0,11,16,1,1366627834,15,0,0,24,0,218
0,6,19,1,1366378846,1,0,0,69,0,718
0,2,22,1,1366305192,2,0,0,4,0,115
0,4,12,1,1366268556,0,0,0,63,0,64
0,2,15,1,1366193530,5,0,0,18,0,92
0,4,19,1,1366122098,2,0,0,53,0,53
0,0,11,1,1366006529,0,0,0,17,0,46
0,0,22,1,1365871104,0,0,0,96,2,70
1,19,0,0,1365532863,0,0,0,32,0,184
0,2,10,0,1365310265,0,1,1,94,4,25
1,19,3,0,1365284825,0,0,0,31,0,61
0,0,12,0,1365230623,0,1,1,288,4,25
1,50,0,0,1365190004,1,0,0,44,0,75
1,17,0,0,1365014854,0,0,0,85,2,90
0,2,12,1,1364541354,2,0,0,28,0,77
0,1,23,1,1364491909,0,0,0,36,0,107
0,7,0,1,1364238951,1,0,0,23,0,59
0,1,14,1,1363942446,2,0,0,115,0,64
0,119,0,1,1363459573,49,0,0,49,0,6001
0,3,17,1,1363349455,2,0,0,30,0,103
0,2,0,1,1363114479,2,0,0,49,0,70
0,4,0,1,1362943001,2,0,0,13,0,122
0,6,16,1,1362827262,1,0,0,71,0,94
0,11,19,1,1362490681,18,0,0,32,0,544
0,0,23,1,1362420926,6,0,0,173,5,419
0,38,13,1,1362125742,62,0,0,131,1,1483
0,2,0,1,1361990059,4,0,0,28,0,308
0,479,16,0,1361532428,582,0,1,145,1,21441
0,16,23,1,1361471154,16,0,0,33,0,247
0,3,23,1,1361295701,3,0,0,33,0,199
0,6,0,1,1361213401,18,0,0,201,4,542
0,26,0,1,1361042208,44,0,0,31,0,685
0,3,0,1,1360953592,6,0,0,37,0,420
1,27,0,0,1360783299,0,0,0,137,0,801
0,28,23,1,1360692184,23,0,0,31,0,592
0,13,13,1,1360570241,2,0,0,79,0,506
0,12,22,1,1360343555,0,0,0,32,0,431
0,14,23,1,1360175111,11,0,0,61,1,459
0,9,15,1,1360059425,6,0,0,81,1,490
0,6,21,1,1359820116,11,0,0,49,0,393
0,3,19,1,1359553115,4,0,0,275,1,67
0,0,16,1,1359369031,2,0,0,65,0,90
0,3,16,1,1359111751,6,0,0,34,0,199
0,0,0,1,1358968167,14,0,0,78,3,135
0,2,23,1,1358790675,2,0,0,48,0,110
0,2,22,1,1358355848,2,0,0,16,0,122
0,1,18,1,1358254057,5,0,0,20,0,163
0,3,23,1,1358185277,2,0,0,37,0,174
0,1,14,1,1358067576,1,0,0,37,0,159
0,4,13,1,1357978429,15,0,0,53,0,434
0,2,0,1,1357932405,1,0,0,29,0,237
0,8,0,1,1357845118,13,0,0,66,1,481
0,21,19,1,1357738990,16,0,0,41,0,896
0,17,22,1,1357665668,21,0,0,29,0,618
0,21,12,1,1357542688,18,0,0,34,0,784
0,20,20,1,1357484813,26,0,0,33,0,897
0,73,16,1,1357298892,51,0,0,32,0,2718
0,37,0,1,1357153970,57,0,0,38,0,2082
0,21,15,1,1357121738,15,0,0,38,0,780
0,4,23,1,1357062890,17,0,0,92,1,757
0,13,14,1,1357032227,6,0,0,104,1,697
0,28,18,1,1356958009,27,0,0,46,0,812
0,40,21,1,1356796444,33,0,0,118,3,1912
0,17,0,1,1356721125,18,0,0,77,0,795
0,8,16,1,1356691969,25,0,0,30,0,312
0,14,13,1,1356507946,24,0,0,24,0,313
0,1,23,1,1356458737,1,0,0,100,0,115
0,1,15,1,1356344044,5,0,0,25,0,88
0,2,12,1,1356246831,2,0,0,43,0,154
0,19,18,1,1356181423,26,0,0,45,0,524
0,20,0,1,1356116637,19,0,0,46,0,849
0,26,23,1,1355941127,12,0,0,41,0,1185
0,22,0,1,1355855582,25,0,0,31,0,629
0,18,0,1,1355769563,19,0,0,34,0,633
0,20,16,1,1355655754,36,0,0,69,1,998
0,11,14,1,1355560732,2,0,0,26,0,402
0,27,22,1,1355419012,35,0,0,29,0,997
0,16,18,1,1355316215,42,0,0,36,0,775
0,10,17,1,1355228051,19,0,0,46,0,380
0,8,0,1,1355080802,13,0,0,32,0,346
0,2,16,1,1355051382,11,0,0,49,0,143
0,1,1,1,1354909243,3,0,0,32,0,109
0,6,20,1,1354805786,12,0,0,30,0,204
0,3,17,1,1354622389,11,0,0,69,0,87
0,1,12,1,1354606073,3,0,0,28,0,121
0,4,15,1,1354528128,17,0,0,35,0,180
0,3,22,1,1354296554,2,0,0,27,0,269
0,1,0,1,1354129539,1,0,0,32,0,117
0,5,18,1,1354106127,18,0,0,38,0,201
0,11,13,1,1354003711,14,0,0,33,0,551
0,7,0,1,1353955700,12,0,0,60,0,330
0,5,15,1,1353925620,5,0,0,46,0,302
0,24,22,1,1353864265,40,0,0,59,0,1194
0,5,22,1,1353776484,24,0,0,43,0,557
0,8,17,1,1353585574,21,0,0,175,5,324
0,10,0,1,1353525764,19,0,0,56,0,188
0,7,12,1,1353480642,12,0,0,35,0,522
0,6,23,1,1353434058,23,0,0,55,0,361
0,65,21,1,1353341948,66,0,0,51,0,2138
0,31,13,1,1353225981,31,0,0,29,0,1137
0,17,0,1,1353179311,13,0,0,30,0,396
0,11,10,1,1353129508,22,0,0,35,0,670
0,5,0,1,1353090857,19,0,0,107,1,346
0,19,0,1,1353007581,15,0,0,35,0,984
0,10,17,1,1352981501,11,0,0,61,0,504
0,4,0,1,1352920984,3,0,0,29,0,207
0,14,18,1,1352897412,14,0,0,32,0,593
0,32,22,1,1352826435,35,0,0,29,0,1098
0,57,22,1,1352654319,58,0,0,29,0,2373
0,10,14,1,1352625444,4,0,0,42,0,582
0,16,0,1,1352486221,30,0,0,120,1,612
0,5,22,1,1352392204,22,0,0,26,0,279
0,1,15,1,1352281186,25,0,0,38,0,269
0,4,22,1,1352221800,13,0,0,94,1,190
0,1,12,1,1352184583,15,0,0,70,0,162
0,1,22,1,1352136161,3,0,0,45,0,200
0,3,14,1,1352104319,1,0,0,56,0,72
0,2,13,1,1352017410,1,0,0,78,0,128
0,0,22,1,1351875825,2,0,0,45,0,96
0,5,23,1,1351793488,3,0,0,72,1,349
0,0,18,1,1351773449,1,0,0,30,0,166
0,16,23,1,1351705336,5,0,0,66,0,643
0,1,1,1,1351626247,3,0,0,51,0,60
0,34,12,1,1351407544,26,0,0,17,0,961
0,17,0,1,1351278057,23,0,0,106,1,611
0,16,0,1,1351190037,28,0,0,157,3,610
0,22,2,1,1351113010,24,0,0,47,0,432
0,6,0,1,1351017162,17,0,0,50,0,321
0,4,0,1,1350932530,19,0,0,57,0,372
0,14,0,1,1350846348,37,0,0,38,0,481
0,14,0,1,1350760671,20,0,0,61,1,354
0,4,0,1,1350674339,18,0,0,47,0,211
0,9,17,1,1350563010,31,0,0,103,0,235
0,15,12,1,1350457645,20,0,0,23,0,525
0,1,1,1,1350418124,2,0,0,24,0,106
0,4,18,1,1350391021,15,0,0,98,0,117
0,5,23,1,1350323463,0,0,0,87,0,114
0,3,17,1,1350302981,23,0,0,46,0,138
0,8,17,1,1350130761,12,0,0,111,2,106
0,2,0,1,1350068780,31,0,0,34,0,168
0,0,20,0,1349966081,2,1,0,115,1,37
0,6,14,1,1349860470,6,0,0,70,0,121
0,51,18,1,1349788134,62,0,0,29,0,1321
0,1,16,1,1349693523,17,0,0,160,3,132
0,0,13,1,1349597427,11,0,0,40,0,109
0,11,12,1,1349506818,21,0,0,39,0,150
0,3,17,1,1349440015,29,0,0,28,0,148
0,0,23,1,1349375060,2,0,0,31,0,91
0,1,1,1,1349292650,3,0,0,34,0,65
0,1,9,1,1349238510,2,0,0,269,2,64
0,1,12,1,1349073257,13,0,0,88,0,134
0,4,12,1,1348988166,77,0,0,35,0,223
0,2,0,1,1348945434,2,0,0,25,0,110
0,0,14,1,1348910420,18,0,0,8,0,242
0,5,18,1,1348836006,13,0,0,53,0,106
0,12,9,1,1348717504,33,0,0,60,1,259
0,1,23,0,1348680687,2,0,1,181,4,41
0,3,16,1,1348569763,34,0,0,63,0,230
0,6,18,1,1348491097,18,0,0,51,0,175
0,2,10,0,1348461993,2,0,1,78,1,27
0,3,19,1,1348409544,3,0,0,44,0,211
0,1,18,1,1348318136,2,0,0,32,0,177
0,7,23,1,1348165121,37,0,0,26,0,262
0,5,22,1,1347988832,23,0,0,37,0,248
0,5,10,1,1347857851,36,0,0,50,1,368
0,6,22,1,1347643650,18,0,0,31,0,275
0,7,1,1,1347567326,2,0,0,85,0,192
0,7,0,1,1347388735,38,0,0,52,0,227
0,5,0,1,1347302513,2,0,0,56,0,161
0,3,16,1,1347273529,11,0,0,17,0,179
0,10,16,1,1347016180,13,0,0,84,1,206
0,5,17,1,1346934117,20,0,0,16,0,290
0,5,22,1,1346776631,11,0,0,40,0,224
0,2,15,1,1346668044,3,0,0,42,0,169
0,4,14,1,1346489488,3,0,0,132,0,162
0,3,18,1,1346419386,12,0,0,73,0,184
0,8,19,1,1346334813,32,0,0,59,0,263
0,5,14,1,1346231278,1,0,0,26,0,267
0,1,4,1,1346193916,0,0,0,108,0,152
0,4,0,1,1345750166,0,0,0,165,3,173
0,2,17,1,1345549940,2,0,0,29,0,316
0,7,19,1,1345383500,30,0,0,90,0,366
0,9,16,1,1345201521,4,0,0,50,0,203
0,10,1,1,1345145821,2,0,0,27,0,304
0,26,9,1,1345003932,234,0,0,59,1,1349
0,0,13,0,1344932718,1,0,1,123,1,65
0,6,15,1,1344593912,34,0,0,129,0,294
0,3,16,1,1344424054,11,0,0,80,4,347
0,9,16,1,1344335748,31,0,0,25,0,556
0,6,13,1,1344066150,3,0,0,102,0,266
0,2,23,1,1343929495,22,0,0,87,0,400
0,12,19,1,1343828016,11,0,0,191,3,523
0,9,11,1,1343626491,3,0,0,53,0,417
0,18,17,1,1343216600,25,0,0,26,0,653
0,5,15,1,1343038718,22,0,0,22,0,532
0,15,18,1,1342789049,79,0,0,69,0,442
0,2,0,1,1342639029,12,0,0,29,0,301
0,4,12,0,1342595507,0,0,1,56,0,142
0,5,17,1,1342527849,22,0,0,25,0,341
0,6,18,1,1342442453,12,0,0,43,0,299
0,10,9,1,1342239837,14,0,0,22,0,401
0,8,14,1,1341910781,3,0,0,56,0,218
0,8,19,1,1341582350,19,0,0,111,1,473
0,9,11,1,1341467013,13,0,0,154,1,295
0,16,23,1,1341252174,23,0,0,61,1,756
0,31,13,1,1341129383,18,0,0,76,0,1233
0,38,19,1,1340977183,41,0,0,46,0,1103
0,1,13,1,1340956553,1,0,0,156,0,45
0,50,12,1,1340780979,38,0,0,63,0,1480
0,42,13,1,1340611606,74,0,0,47,0,1452
0,23,18,1,1340541834,14,0,0,39,0,848
0,49,13,1,1340438826,45,0,0,45,0,1228
0,8,18,1,1340284693,11,0,0,71,0,297
0,12,0,1,1340217478,15,0,0,38,0,374
0,30,19,1,1340113679,13,0,0,46,0,457
0,19,15,1,1340011836,39,0,0,55,0,533
0,19,18,1,1339679830,14,0,0,45,0,509
0,13,15,1,1339409996,30,0,0,37,0,506
0,7,12,1,1339313232,4,0,0,44,0,225
0,1,13,1,1338797332,0,0,0,43,0,203
0,19,11,1,1338443144,33,0,0,113,2,445
0,1,10,0,1337747735,0,0,1,272,0,47
0,2,12,0,1337671506,3,1,0,104,0,324
0,20,13,1,1337499350,24,0,0,63,0,495
0,7,13,0,1337414265,16,1,0,103,1,406
0,6,10,0,1337144053,12,0,1,68,0,439
0,9,19,0,1337003774,32,1,0,97,1,722
0,15,16,0,1335352470,17,1,0,148,3,325
0,2,19,0,1334931145,3,0,1,172,0,315
0,12,14,0,1334912362,1,0,1,143,2,243
0,1,14,0,1334739056,1,0,1,39,1,264
0,2,12,0,1334560236,2,1,0,93,0,38
0,9,18,1,1333975012,21,0,0,236,2,387
0,1,17,0,1333625859,1,1,1,203,2,197
0,49,18,1,1333546150,3,0,0,211,1,357
0,3,21,0,1333211190,1,0,1,209,0,217
0,11,22,0,1333128294,3,0,1,108,1,182
0,25,15,1,1333100185,18,0,0,19,0,512
0,1,19,0,1333028114,1,0,1,179,2,51
0,5,14,0,1332925760,12,1,0,69,0,244
0,6,16,0,1332501651,12,1,0,417,1,209
0,17,20,1,1332427832,2,0,0,107,0,357
0,18,11,0,1332224019,20,1,0,106,1,348
0,12,22,0,1331310767,22,1,0,39,1,459
0,4,9,0,1330316969,13,1,0,70,1,334
0,8,9,0,1330143961,30,1,0,66,0,334
0,7,11,0,1330062186,2,1,0,103,0,151
0,6,11,0,1329975136,13,1,0,97,0,177
0,0,18,1,1329657123,0,0,0,38,0,217
0,11,23,0,1329240601,15,1,0,54,0,273
0,8,15,1,1329213142,1,0,0,35,1,201
0,6,18,1,1328878597,20,0,0,37,0,265
0,6,10,1,1328675671,16,0,0,104,0,193
0,17,23,1,1328639314,15,0,0,19,0,336
0,3,15,1,1328610532,2,0,0,117,0,186
0,17,7,1,1328492202,12,0,0,30,0,280
0,15,12,1,1328424139,16,0,0,21,0,300
0,11,5,1,1328399438,1,0,0,85,0,160
0,10,21,1,1328371801,1,0,0,26,0,356
0,6,17,1,1328356201,3,0,0,107,1,203
0,36,8,1,1328324432,32,0,0,31,0,401
0,46,23,1,1328290202,26,0,0,68,1,373
0,5,18,1,1328273980,3,0,0,46,0,202
0,7,13,1,1328255737,4,0,0,140,1,150
0,7,22,1,1328201399,4,0,0,36,0,250
0,6,14,1,1328174065,3,0,0,76,1,159
0,18,18,1,1328101889,3,0,0,106,1,213
0,18,11,1,1328075791,13,0,0,30,0,200
0,21,20,1,1328023410,3,0,0,43,0,317
0,13,18,1,1328013325,5,0,0,33,0,230
0,15,2,1,1327958308,20,0,0,35,0,229
0,47,13,1,1327911057,6,0,0,209,1,245
0,19,13,1,1327825024,0,0,0,51,0,214
0,7,10,1,1327811528,1,0,0,51,0,226
0,20,1,1,1327780063,0,0,0,88,0,166
0,2,17,1,1327753468,0,0,0,180,0,181
0,19,19,1,1327671529,28,0,0,67,1,279
0,3,14,1,1327654352,16,0,0,75,0,236
0,5,0,1,1327604888,0,0,0,40,0,226
1,15,15,0,1327571138,1,0,0,80,0,155
1,3,13,0,1327564493,0,0,0,126,0,153
0,20,10,1,1327553638,17,0,0,29,0,302
0,14,1,1,1327521371,0,0,0,19,0,171
0,7,20,1,1327503411,6,0,0,61,0,202
0,6,14,1,1327483766,0,0,0,70,1,189
0,19,19,1,1327414100,14,0,0,26,0,335
0,43,17,1,1327407055,1,0,0,249,4,143
0,4,13,1,1327392384,13,0,0,35,0,193
0,10,19,1,1327327484,4,0,0,73,0,189
0,13,8,1,1327288510,3,0,0,46,1,207
0,7,1,1,1327175891,1,0,0,56,1,149
0,18,11,1,1327124616,1,0,0,187,0,134
0,19,19,1,1327069308,4,0,0,62,0,200
0,31,15,1,1327054086,2,0,0,108,2,140
0,8,12,1,1326957495,3,0,0,110,0,128
0,9,20,1,1326897754,3,0,0,37,0,212
0,59,16,1,1326886111,1,0,0,151,1,143
0,32,19,1,1326808784,40,0,0,65,0,309
0,11,14,1,1326790625,3,0,0,82,1,178
0,6,17,1,1326713952,3,0,0,72,0,159
0,9,2,1,1326659840,2,0,0,28,0,136
0,10,17,1,1326627438,2,0,0,39,0,211
0,11,13,0,1326527311,17,1,0,24,0,202
0,8,23,1,1326477592,1,0,0,25,0,168
0,8,19,1,1326376026,0,0,0,35,0,169
0,9,0,1,1326309676,1,0,0,31,0,211
0,17,9,1,1326254842,0,0,0,286,1,125
0,11,16,1,1326193596,0,0,0,74,0,140
0,4,13,1,1326181581,2,0,0,118,1,132
0,18,22,1,1326129580,2,0,0,36,0,183
0,11,19,1,1326030283,2,0,0,86,1,184
0,4,11,1,1326002062,2,0,0,18,0,157
0,8,20,1,1325950078,2,0,0,35,0,199
0,9,21,1,1325866049,1,0,0,29,0,167
0,129,18,1,1325767614,1,0,0,146,1,132
0,5,11,1,1325743860,5,0,0,76,0,104
0,12,19,1,1325686969,0,0,0,11,0,186
0,11,16,0,1325673571,0,0,1,116,0,124
0,10,19,1,1325600094,12,0,0,45,0,167
0,5,14,1,1325581505,0,0,0,71,2,168
0,9,0,1,1325529716,2,0,0,15,0,181
0,21,22,1,1325437005,1,0,0,35,0,207
0,20,14,1,1325408054,14,0,0,123,1,218
0,11,22,1,1325349026,1,0,0,127,2,137
0,25,18,1,1325251751,2,0,0,48,0,180
0,8,3,1,1325196613,2,0,0,78,1,87
0,16,20,1,1325170970,0,0,0,30,0,137
0,8,15,1,1325154306,3,0,0,15,0,122
0,27,21,1,1325088978,16,0,0,194,2,150
0,10,16,1,1325068487,2,0,0,22,0,129
0,16,1,1,1325015678,2,0,0,38,0,95
0,19,19,1,1324995276,1,0,0,110,0,122
0,17,22,1,1324917014,1,0,0,19,0,156
0,63,17,1,1324899376,0,0,0,70,1,112
0,22,0,1,1324840697,0,0,0,122,0,86
0,24,16,1,1324811959,1,0,0,52,1,134
0,10,11,1,1324791627,0,0,0,34,0,109
0,17,0,1,1324751624,1,0,0,42,0,134
0,61,17,1,1324726765,2,0,0,47,0,117
0,51,21,1,1324656508,4,0,0,169,2,139
0,28,13,1,1324628479,1,0,0,30,0,121
0,26,2,1,1324587340,0,0,0,23,0,84
0,36,19,1,1324562044,3,0,0,56,0,126
0,26,8,1,1324349268,1,0,0,102,0,94
0,21,1,1,1324323291,4,0,0,25,0,143
0,12,14,1,1324285643,0,0,0,28,0,100
0,41,23,1,1324231546,2,0,0,21,0,156
0,41,20,1,1324134468,3,0,0,54,0,137
0,11,12,1,1324104763,2,0,0,37,0,95
0,22,13,1,1324023433,4,0,0,35,0,84
0,21,1,1,1323978840,3,0,0,240,3,62
0,55,17,1,1323948929,1,0,0,263,0,91
0,8,14,1,1323939902,1,0,0,82,2,97
0,10,17,1,1323862610,0,0,0,51,1,104
0,16,14,1,1323852433,1,0,0,98,0,55
0,48,20,1,1323790182,1,0,0,178,2,88
0,11,16,1,1323774999,4,0,0,56,0,82
0,16,1,0,1323720675,1,0,1,84,0,43
0,157,18,1,1323693192,2,0,0,124,2,102
0,15,13,1,1323676431,1,0,0,31,0,101
0,211,23,1,1323539325,1,0,0,100,0,68
0,487,18,1,1323522874,3,0,0,120,2,125
0,729,20,0,1323443189,2,0,1,179,2,66
0,544,15,1,1323426196,2,0,0,43,0,79
0,146,12,1,1323412820,12,0,0,74,0,111
0,330,22,1,1323363987,23,0,0,43,0,104
0,308,17,1,1323347209,21,0,0,34,0,83
0,303,4,0,1323297942,19,0,1,105,0,72
0,85,18,1,1323263806,25,0,0,62,1,101
0,130,13,1,1323245032,26,0,0,97,1,78
0,526,3,1,1323123125,33,0,0,84,0,90
0,80,1,1,1323116255,14,0,0,21,0,61
0,185,23,1,1323106352,14,0,0,69,0,71
0,167,15,1,1323080837,20,0,0,110,1,79
0,314,12,1,1323068047,11,0,0,117,1,64
0,119,0,1,1323024378,15,0,0,104,0,86
0,201,17,1,1322998354,12,0,0,40,0,101
0,62,17,1,1322913443,12,0,0,110,1,94
0,331,13,1,1322897919,16,0,0,122,1,80
0,97,3,1,1322863373,11,0,0,20,0,66
0,277,19,1,1322832702,25,0,0,32,0,125
0,47,15,1,1322819081,19,0,0,86,0,67
0,99,12,1,1322807708,18,0,0,170,2,69
0,68,1,1,1322771360,14,0,0,13,0,65
0,82,13,1,1322727098,19,0,0,164,1,81
0,46,1,1,1322682013,2,0,0,50,0,64
0,82,21,1,1322669546,24,0,0,98,1,105
0,46,13,1,1322640381,12,0,0,99,1,75
0,51,0,1,1322593282,11,0,0,56,1,74
0,19,19,1,1322574590,1,0,0,22,0,74
0,36,11,1,1322545468,4,0,0,233,1,52
0,117,19,1,1322488022,3,0,0,236,5,74
0,52,13,1,1322466231,15,0,0,29,0,98
0,13,1,1,1322424421,1,0,0,21,0,72
0,22,2,1,1322342352,1,0,0,26,0,78
0,24,15,1,1322301553,2,0,0,22,0,90
0,25,2,1,1322256389,0,0,0,53,0,60
0,40,12,1,1322205696,4,0,0,25,0,86
0,34,10,1,1322195585,3,0,0,103,0,61
0,29,23,1,1322158155,2,0,0,47,0,82
0,47,18,0,1322138272,0,1,0,168,2,93
0,15,10,1,1322111535,1,0,0,99,0,69
0,17,20,1,1322058631,20,0,0,93,1,102
0,111,16,1,1322047674,2,0,0,102,0,67
0,38,17,1,1321964158,0,0,0,196,2,60
0,15,9,1,1321935254,1,0,0,44,1,85
0,12,23,1,1321898793,1,0,0,94,1,56
0,9,13,1,1321776021,14,0,0,92,1,112
0,22,19,1,1321626020,0,0,0,53,0,93
0,18,14,1,1321607699,2,0,0,12,0,73
0,3,9,0,1321588889,0,0,1,79,0,32
0,15,12,1,1321513586,1,0,0,72,0,72
0,24,17,1,1321446225,0,0,0,131,0,55
0,15,11,0,1321424542,0,0,1,116,0,63
0,8,23,1,1321380020,2,0,0,96,0,87
0,146,0,0,1321296275,1,0,1,119,1,50
0,128,17,1,1321271658,0,0,0,76,0,69
0,30,8,1,1321239111,2,0,0,146,2,69
0,38,13,1,1321170892,11,0,0,51,0,122
0,18,0,0,1321123704,0,0,1,29,0,55
0,73,17,1,1321100450,3,0,0,241,1,85
0,50,14,1,1321087192,0,0,0,49,0,91
0,48,14,1,1321000398,4,0,0,38,0,124
0,50,0,1,1320952202,0,0,0,202,0,67
0,39,14,1,1320914472,0,0,0,22,0,83
0,119,11,0,1320905695,1,0,1,162,0,104
0,89,20,1,1320849798,0,0,0,17,0,131
0,127,11,1,1320818026,2,0,0,216,1,56
0,23,0,1,1320777655,1,0,0,70,0,83
0,40,11,1,1320731814,3,0,0,24,0,119
0,73,23,1,1320688614,2,0,0,74,1,87
0,51,15,1,1320661276,1,0,0,136,1,61
0,58,12,1,1320649953,1,0,0,124,4,88
0,59,11,1,1320559097,4,0,0,75,0,98
0,36,14,1,1320482691,2,0,0,29,0,87
0,41,10,0,1320469483,3,0,1,266,1,64
0,57,0,1,1320433992,11,0,0,136,0,73
0,70,16,1,1320403498,1,0,0,245,2,48
1,35,14,0,1320396605,0,0,0,207,0,39
0,20,1,1,1320349799,0,0,0,122,1,56
0,17,20,1,1320332954,0,0,0,169,2,53
0,11,14,0,1320310011,11,1,0,90,0,53
0,28,11,1,1320301578,1,0,0,113,2,45
0,20,17,0,1320235620,1,0,1,225,1,47
0,20,8,1,1320204412,2,0,0,10,0,67
0,18,2,1,1320180020,2,0,0,112,0,44
0,68,14,1,1320137711,1,0,0,79,0,61
0,24,10,1,1320124332,0,0,0,59,0,38
0,9,8,1,1320031796,0,0,0,158,1,45
0,18,0,1,1320002736,3,0,0,64,0,53
0,25,17,1,1319977239,14,0,0,158,0,136
0,7,15,1,1319883244,1,0,0,43,0,71
0,22,10,0,1319865729,2,1,0,143,0,46
0,15,23,0,1319823037,0,1,0,174,0,45
0,7,16,0,1319800655,0,0,1,134,1,29
0,35,11,0,1319780113,16,1,0,119,0,99
0,15,20,1,1319727189,2,0,0,33,0,69
0,9,16,0,1319714883,2,0,1,163,0,36
0,12,12,0,1319697414,1,0,1,419,6,35
0,31,22,1,1319387716,0,0,0,86,0,48
0,18,12,1,1319354186,1,0,0,45,0,49
1,25,8,0,1319252084,0,0,0,62,0,37
1,34,1,0,1319227828,0,0,0,98,1,42
0,31,12,1,1319179149,2,0,0,74,0,41
0,122,19,1,1319120013,2,0,1,158,0,43
0,44,19,1,1319118993,1,0,0,69,0,36
0,10,10,0,1319085196,0,0,1,81,1,27
0,35,0,1,1319049471,3,0,0,125,1,34
0,46,14,1,1319016235,12,0,0,15,0,115
0,35,23,1,1318960654,2,0,0,100,0,33
0,113,11,1,1318831500,1,0,1,339,4,37
0,9,20,1,1318691246,0,0,0,44,0,60
0,18,12,0,1318661131,0,0,1,104,0,14
1,34,1,0,1318622812,0,0,0,77,1,32
0,13,23,1,1318614625,3,0,1,116,1,68
0,11,18,0,1318596359,2,1,0,63,0,31
0,7,1,1,1318362262,1,0,0,78,0,39
1,31,10,0,1318309749,0,0,0,194,0,30
0,5,1,1,1318275963,1,0,0,136,2,36
0,102,18,1,1318252817,0,0,0,84,0,39
0,146,0,1,1318186079,0,0,0,34,0,32
0,34,21,0,1318175796,0,0,1,122,0,52
0,52,0,1,1318099851,0,0,0,32,0,42
0,41,0,1,1318014356,0,0,0,53,0,23
0,126,1,1,1317929727,1,0,0,67,1,45
0,10,15,1,1317896605,0,0,0,82,1,21
0,18,8,0,1317868600,11,1,0,61,0,30
0,11,18,0,1317818824,0,0,1,250,0,20
1,11,13,0,1317800421,0,0,0,128,0,24
0,14,5,1,1317773414,0,0,0,49,0,15
0,18,0,1,1317754137,0,0,0,82,3,34
0,8,22,1,1317747836,0,0,0,155,0,16
0,3,17,1,1317728361,0,0,0,69,0,46
0,39,11,1,1317707745,0,0,0,227,1,16
0,9,10,0,1317617249,0,0,1,314,2,27
0,5,19,1,1317564756,1,0,0,139,0,30
0,5,10,1,1317532376,1,0,0,98,0,34
0,15,22,1,1317487656,1,0,0,107,0,30
0,10,10,1,1317445355,0,0,0,132,0,31
1,26,2,0,1317416892,0,0,0,43,0,48
0,7,16,1,1317381559,0,0,0,80,0,27
0,2,10,0,1317357517,0,0,1,101,0,15
0,17,23,1,1317318754,0,0,0,215,0,23
0,7,9,0,1317267671,0,0,1,168,0,14
0,2,11,1,1317191109,0,0,0,9,0,29
0,7,20,1,1317136163,0,0,0,199,0,30
0,0,12,0,1317107018,0,0,1,162,0,15
1,0,9,0,1317008141,0,0,0,91,0,19
0,2,22,1,1316968492,0,0,0,175,0,11
0,2,16,1,1316861110,0,0,0,66,0,24
0,3,11,0,1316842611,0,0,1,149,0,19
0,10,17,1,1316779687,0,0,0,132,2,33
0,3,11,0,1316755903,0,1,0,200,4,31
0,5,15,1,1316683890,3,0,0,78,0,21
0,12,12,0,1316673746,0,0,1,191,3,23
0,3,12,1,1316589260,0,0,0,54,0,22
0,8,1,1,1316547363,0,0,0,163,1,17
1,28,5,0,1316476487,0,0,0,109,0,21
0,11,23,1,1316455017,0,0,0,128,0,30
0,2,18,1,1316437427,0,0,0,268,0,21
0,2,13,1,1316417446,0,0,0,36,0,20
1,2,7,0,1316397867,0,0,0,54,0,24
0,7,1,1,1316375109,1,0,0,91,0,27
0,51,16,1,1316342460,0,0,0,232,0,43
0,5,23,1,1316282362,2,0,0,214,2,42
1,12,21,0,1316187584,0,0,0,267,0,33
0,10,15,1,1316168545,1,0,0,50,0,28
0,52,22,1,1316106321,1,0,0,244,0,38
1,11,18,0,1316091823,1,0,0,155,0,94
0,5,8,1,1316054622,0,0,0,203,0,35
0,9,2,1,1316034161,0,0,0,167,1,12
0,0,10,1,1315975047,0,0,0,44,0,26
0,1,7,0,1315878499,0,0,1,190,1,15
0,6,10,1,1315802948,0,0,0,121,0,25
0,3,23,1,1315676641,0,0,0,131,0,35
0,1,15,0,1315650235,1,1,0,146,0,24
0,0,0,1,1315595720,0,0,0,99,0,32
0,6,13,1,1315553648,0,0,0,67,0,37
1,2,13,0,1315470390,0,0,0,192,0,37
0,5,20,1,1315409094,0,0,0,150,0,48
0,2,16,1,1315307740,0,0,0,107,0,37
0,51,18,1,1315227356,0,0,0,238,0,42
0,4,0,1,1315163035,0,0,0,124,0,38
0,15,12,1,1315032175,0,0,0,30,0,56
0,1,18,0,1314969085,0,0,1,61,0,15
0,13,7,1,1314929371,0,0,0,14,0,72
0,10,1,1,1314907272,0,0,0,54,0,25
0,4,19,1,1314887079,0,0,0,105,0,56
0,4,15,0,1314611405,0,0,1,216,0,13
0,3,9,1,1314504828,0,0,0,117,0,36
0,3,8,1,1314502046,0,0,0,55,0,25
0,1,7,1,1314496669,1,0,0,77,0,11
0,1,6,1,1314493492,0,0,0,104,0,10
1,5,20,0,1314458166,0,0,0,90,0,30
0,2,15,0,1314440793,0,0,1,191,0,19
0,6,14,0,1314263384,0,0,1,187,0,15
0,2,23,0,1314120732,0,0,1,240,0,18
1,12,20,0,1314024914,0,0,0,486,0,18
0,0,9,1,1313986625,0,0,0,37,0,12
0,13,2,1,1313873596,0,0,0,20,0,39
0,3,11,1,1313562305,0,0,0,196,3,30
0,4,13,1,1313393925,1,0,0,30,0,48
0,0,10,1,1313212235,0,0,0,155,1,26
0,5,10,1,1312951812,0,0,0,116,1,52
1,5,8,0,1312771743,0,0,0,63,0,27
0,0,14,1,1312706835,0,0,0,161,1,19
1,6,23,0,1312566944,0,0,0,68,0,18
0,6,0,1,1312312118,0,0,0,44,0,22
1,1,8,0,1312167034,0,0,0,23,0,13
0,7,23,1,1312049751,0,0,0,79,0,27
0,2,0,1,1311706538,0,0,0,50,0,20
1,2,20,0,1311518412,0,0,0,157,3,18
0,1,9,1,1311220893,2,0,0,13,0,28
0,19,1,1,1311190289,0,0,0,187,0,69
1,2,23,0,1311099796,0,0,0,75,1,13
1,1,8,0,1310700476,0,0,0,88,0,14
1,1,18,0,1310303708,0,0,0,145,0,8
0,7,13,1,1310110290,0,0,0,93,0,25
1,2,11,0,1310019612,0,0,0,186,0,11
0,2,20,0,1309531876,0,0,1,12,0,7
0,0,9,1,1309407163,0,0,0,75,0,28
1,29,1,0,1309378964,0,0,0,176,2,22
0,2,10,1,1309238599,0,0,0,109,0,23
0,3,18,0,1309181211,0,1,0,21,0,10
1,3,21,0,1309018557,0,0,0,30,0,10
1,18,14,0,1306917516,0,0,0,240,1,26
1,1,17,0,1306410271,0,0,0,137,0,12
1,1,10,0,1305521614,0,0,0,26,0,5
0,21,11,0,1305180876,0,0,1,145,0,32
1,1,18,0,1305118110,0,0,0,15,0,4
1,6,12,0,1304922613,0,0,0,264,0,8
0,4,17,1,1304770511,0,0,0,115,0,3
1,0,12,0,1304752983,0,0,0,99,5,9
1,3,9,0,1304653960,0,0,0,15,0,13
1,2,9,0,1303444731,0,0,0,183,2,12
1,2,23,0,1303062344,0,0,0,277,5,8
0,0,18,1,1302268443,1,0,0,155,1,11
1,4,16,0,1302088604,0,0,0,58,0,2
0,1,12,1,1301729104,0,0,0,90,0,1
1,1,17,0,1301660501,0,0,0,97,0,0
1,0,22,0,1301505846,0,0,0,70,0,0
1,0,14,0,1301477254,0,0,0,70,0,0
1,0,13,0,1301387242,0,0,0,140,0,0
1,2,11,0,1301378496,0,0,0,114,0,0
1,0,15,0,1301304677,0,0,0,103,0,3
1,0,13,0,1301212994,0,0,0,215,0,1
0,12,19,1,1301146449,1,0,0,113,0,37
1,0,18,0,1301143174,0,0,0,306,0,9
